"list_name","name","label","prov_id","dist_id","post_id","external_id"
"provinces","","","","","",""
"provinces","","","","","",""
"provinces","","","","","",""
"provinces","","","","","",""
"provinces","","","","","",""
"provinces","","","","","",""
"provinces","","","","","",""
"provinces","","","","","",""
"provinces","","","","","",""
"provinces","","","","","",""
"districts","","","","","",""
"districts","","","","","",""
"districts","","","","","",""
"districts","","","","","",""
"districts","","","","","",""
"districts","","","","","",""
"districts","","","","","",""
"districts","","","","","",""
"districts","","","","","",""
"districts","","","","","",""
"districts","","","","","",""
"districts","","","","","",""
"districts","","","","","",""
"districts","","","","","",""
"districts","","","","","",""
"districts","","","","","",""
"districts","","","","","",""
"districts","","","","","",""
"districts","","","","","",""
"districts","","","","","",""
"districts","","","","","",""
"districts","","","","","",""
"districts","","","","","",""
"districts","","","","","",""
"districts","","","","","",""
"districts","","","","","",""
"districts","","","","","",""
"districts","","","","","",""
"districts","","","","","",""
"districts","","","","","",""
"districts","","","","","",""
"districts","","","","","",""
"districts","","","","","",""
"districts","","","","","",""
"districts","","","","","",""
"districts","","","","","",""
"districts","","","","","",""
"districts","","","","","",""
"districts","","","","","",""
"districts","","","","","",""
"districts","","","","","",""
"districts","","","","","",""
"districts","","","","","",""
"districts","","","","","",""
"districts","","","","","",""
"districts","","","","","",""
"districts","","","","","",""
"districts","","","","","",""
"districts","","","","","",""
"districts","","","","","",""
"districts","","","","","",""
"districts","","","","","",""
"districts","","","","","",""
"districts","","","","","",""
"districts","","","","","",""
"districts","","","","","",""
"districts","","","","","",""
"districts","","","","","",""
"districts","","","","","",""
"districts","","","","","",""
"districts","","","","","",""
"districts","","","","","",""
"districts","","","","","",""
"districts","","","","","",""
"districts","","","","","",""
"districts","","","","","",""
"districts","","","","","",""
"districts","","","","","",""
"districts","","","","","",""
"districts","","","","","",""
"districts","","","","","",""
"districts","","","","","",""
"districts","","","","","",""
"districts","","","","","",""
"districts","","","","","",""
"districts","","","","","",""
"districts","","","","","",""
"districts","","","","","",""
"districts","","","","","",""
"districts","","","","","",""
"districts","","","","","",""
"districts","","","","","",""
"districts","","","","","",""
"districts","","","","","",""
"districts","","","","","",""
"districts","","","","","",""
"districts","","","","","",""
"districts","","","","","",""
"districts","","","","","",""
"districts","","","","","",""
"districts","","","","","",""
"districts","","","","","",""
"districts","","","","","",""
"districts","","","","","",""
"districts","","","","","",""
"districts","","","","","",""
"districts","","","","","",""
"districts","","","","","",""
"districts","","","","","",""
"districts","","","","","",""
"districts","","","","","",""
"districts","","","","","",""
"districts","","","","","",""
"districts","","","","","",""
"districts","","","","","",""
"districts","","","","","",""
"districts","","","","","",""
"districts","","","","","",""
"districts","","","","","",""
"districts","","","","","",""
"districts","","","","","",""
"districts","","","","","",""
"districts","","","","","",""
"districts","","","","","",""
"districts","","","","","",""
"districts","","","","","",""
"districts","","","","","",""
"districts","","","","","",""
"districts","","","","","",""
"districts","","","","","",""
"districts","","","","","",""
"districts","","","","","",""
"districts","","","","","",""
"districts","","","","","",""
"districts","","","","","",""
"districts","","","","","",""
"districts","","","","","",""
"districts","","","","","",""
"districts","","","","","",""
"districts","","","","","",""
"districts","","","","","",""
"districts","","","","","",""
"districts","","","","","",""
"districts","","","","","",""
"districts","","","","","",""
"districts","","","","","",""
"districts","","","","","",""
"districts","","","","","",""
"districts","","","","","",""
"districts","","","","","",""
"districts","","","","","",""
"districts","","","","","",""
"districts","","","","","",""
"districts","","","","","",""
"districts","","","","","",""
"districts","","","","","",""
"districts","","","","","",""
"districts","","","","","",""
"districts","","","","","",""
"districts","","","","","",""
"districts","","","","","",""
"districts","","","","","",""
"districts","","","","","",""
"districts","","","","","",""
"districts","","","","","",""
"posts","","","","","",""
"posts","","","","","",""
"posts","","","","","",""
"posts","","","","","",""
"posts","","","","","",""
"posts","","","","","",""
"posts","","","","","",""
"posts","","","","","",""
"posts","","","","","",""
"posts","","","","","",""
"posts","","","","","",""
"posts","","","","","",""
"posts","","","","","",""
"posts","","","","","",""
"posts","","","","","",""
"posts","","","","","",""
"posts","","","","","",""
"posts","","","","","",""
"posts","","","","","",""
"posts","","","","","",""
"posts","","","","","",""
"posts","","","","","",""
"posts","","","","","",""
"posts","","","","","",""
"posts","","","","","",""
"posts","","","","","",""
"posts","","","","","",""
"posts","","","","","",""
"posts","","","","","",""
"posts","","","","","",""
"posts","","","","","",""
"posts","","","","","",""
"posts","","","","","",""
"posts","","","","","",""
"posts","","","","","",""
"posts","","","","","",""
"posts","","","","","",""
"posts","","","","","",""
"posts","","","","","",""
"posts","","","","","",""
"posts","","","","","",""
"posts","","","","","",""
"posts","","","","","",""
"posts","","","","","",""
"posts","","","","","",""
"posts","","","","","",""
"posts","","","","","",""
"posts","","","","","",""
"posts","","","","","",""
"posts","","","","","",""
"posts","","","","","",""
"posts","","","","","",""
"posts","","","","","",""
"posts","","","","","",""
"posts","","","","","",""
"posts","","","","","",""
"posts","","","","","",""
"posts","","","","","",""
"posts","","","","","",""
"posts","","","","","",""
"posts","","","","","",""
"posts","","","","","",""
"posts","","","","","",""
"posts","","","","","",""
"posts","","","","","",""
"posts","","","","","",""
"posts","","","","","",""
"posts","","","","","",""
"posts","","","","","",""
"posts","","","","","",""
"posts","","","","","",""
"posts","","","","","",""
"posts","","","","","",""
"posts","","","","","",""
"posts","","","","","",""
"posts","","","","","",""
"posts","","","","","",""
"posts","","","","","",""
"posts","","","","","",""
"posts","","","","","",""
"posts","","","","","",""
"posts","","","","","",""
"posts","","","","","",""
"posts","","","","","",""
"posts","","","","","",""
"posts","","","","","",""
"posts","","","","","",""
"posts","","","","","",""
"posts","","","","","",""
"posts","","","","","",""
"posts","","","","","",""
"posts","","","","","",""
"posts","","","","","",""
"posts","","","","","",""
"posts","","","","","",""
"posts","","","","","",""
"posts","","","","","",""
"posts","","","","","",""
"posts","","","","","",""
"posts","","","","","",""
"posts","","","","","",""
"posts","","","","","",""
"posts","","","","","",""
"posts","","","","","",""
"posts","","","","","",""
"posts","","","","","",""
"posts","","","","","",""
"posts","","","","","",""
"posts","","","","","",""
"posts","","","","","",""
"posts","","","","","",""
"posts","","","","","",""
"posts","","","","","",""
"posts","","","","","",""
"posts","","","","","",""
"posts","","","","","",""
"posts","","","","","",""
"posts","","","","","",""
"posts","","","","","",""
"posts","","","","","",""
"posts","","","","","",""
"posts","","","","","",""
"posts","","","","","",""
"posts","","","","","",""
"posts","","","","","",""
"posts","","","","","",""
"posts","","","","","",""
"posts","","","","","",""
"posts","","","","","",""
"posts","","","","","",""
"posts","","","","","",""
"posts","","","","","",""
"posts","","","","","",""
"posts","","","","","",""
"posts","","","","","",""
"posts","","","","","",""
"posts","","","","","",""
"posts","","","","","",""
"posts","","","","","",""
"posts","","","","","",""
"posts","","","","","",""
"posts","","","","","",""
"posts","","","","","",""
"posts","","","","","",""
"posts","","","","","",""
"posts","","","","","",""
"posts","","","","","",""
"posts","","","","","",""
"posts","","","","","",""
"posts","","","","","",""
"posts","","","","","",""
"posts","","","","","",""
"posts","","","","","",""
"posts","","","","","",""
"posts","","","","","",""
"posts","","","","","",""
"posts","","","","","",""
"posts","","","","","",""
"posts","","","","","",""
"posts","","","","","",""
"posts","","","","","",""
"posts","","","","","",""
"posts","","","","","",""
"posts","","","","","",""
"posts","","","","","",""
"posts","","","","","",""
"posts","","","","","",""
"posts","","","","","",""
"posts","","","","","",""
"posts","","","","","",""
"posts","","","","","",""
"posts","","","","","",""
"posts","","","","","",""
"posts","","","","","",""
"posts","","","","","",""
"posts","","","","","",""
"posts","","","","","",""
"posts","","","","","",""
"posts","","","","","",""
"posts","","","","","",""
"posts","","","","","",""
"posts","","","","","",""
"posts","","","","","",""
"posts","","","","","",""
"posts","","","","","",""
"posts","","","","","",""
"posts","","","","","",""
"posts","","","","","",""
"posts","","","","","",""
"posts","","","","","",""
"posts","","","","","",""
"posts","","","","","",""
"posts","","","","","",""
"posts","","","","","",""
"posts","","","","","",""
"posts","","","","","",""
"posts","","","","","",""
"posts","","","","","",""
"posts","","","","","",""
"posts","","","","","",""
"posts","","","","","",""
"posts","","","","","",""
"posts","","","","","",""
"posts","","","","","",""
"posts","","","","","",""
"posts","","","","","",""
"posts","","","","","",""
"posts","","","","","",""
"posts","","","","","",""
"posts","","","","","",""
"posts","","","","","",""
"posts","","","","","",""
"posts","","","","","",""
"posts","","","","","",""
"posts","","","","","",""
"posts","","","","","",""
"posts","","","","","",""
"posts","","","","","",""
"posts","","","","","",""
"posts","","","","","",""
"posts","","","","","",""
"posts","","","","","",""
"posts","","","","","",""
"posts","","","","","",""
"posts","","","","","",""
"posts","","","","","",""
"posts","","","","","",""
"posts","","","","","",""
"posts","","","","","",""
"posts","","","","","",""
"posts","","","","","",""
"posts","","","","","",""
"posts","","","","","",""
"posts","","","","","",""
"posts","","","","","",""
"posts","","","","","",""
"posts","","","","","",""
"posts","","","","","",""
"posts","","","","","",""
"posts","","","","","",""
"posts","","","","","",""
"posts","","","","","",""
"posts","","","","","",""
"posts","","","","","",""
"posts","","","","","",""
"posts","","","","","",""
"posts","","","","","",""
"posts","","","","","",""
"posts","","","","","",""
"posts","","","","","",""
"posts","","","","","",""
"posts","","","","","",""
"posts","","","","","",""
"posts","","","","","",""
"posts","","","","","",""
"posts","","","","","",""
"posts","","","","","",""
"posts","","","","","",""
"posts","","","","","",""
"posts","","","","","",""
"posts","","","","","",""
"posts","","","","","",""
"posts","","","","","",""
"posts","","","","","",""
"posts","","","","","",""
"posts","","","","","",""
"posts","","","","","",""
"posts","","","","","",""
"posts","","","","","",""
"posts","","","","","",""
"posts","","","","","",""
"posts","","","","","",""
"posts","","","","","",""
"posts","","","","","",""
"posts","","","","","",""
"posts","","","","","",""
"posts","","","","","",""
"posts","","","","","",""
"posts","","","","","",""
"posts","","","","","",""
"posts","","","","","",""
"posts","","","","","",""
"posts","","","","","",""
"posts","","","","","",""
"posts","","","","","",""
"posts","","","","","",""
"posts","","","","","",""
"posts","","","","","",""
"posts","","","","","",""
"posts","","","","","",""
"posts","","","","","",""
"posts","","","","","",""
"posts","","","","","",""
"posts","","","","","",""
"posts","","","","","",""
"posts","","","","","",""
"posts","","","","","",""
"posts","","","","","",""
"posts","","","","","",""
"posts","","","","","",""
"posts","","","","","",""
"posts","","","","","",""
"posts","","","","","",""
"posts","","","","","",""
"posts","","","","","",""
"posts","","","","","",""
"posts","","","","","",""
"posts","","","","","",""
"posts","","","","","",""
"posts","","","","","",""
"posts","","","","","",""
"posts","","","","","",""
"posts","","","","","",""
"posts","","","","","",""
"posts","","","","","",""
"posts","","","","","",""
"posts","","","","","",""
"posts","","","","","",""
"posts","","","","","",""
"posts","","","","","",""
"posts","","","","","",""
"posts","","","","","",""
"posts","","","","","",""
"posts","","","","","",""
"posts","","","","","",""
"posts","","","","","",""
"posts","","","","","",""
"posts","","","","","",""
"posts","","","","","",""
"posts","","","","","",""
"posts","","","","","",""
"posts","","","","","",""
"posts","","","","","",""
"posts","","","","","",""
"posts","","","","","",""
"posts","","","","","",""
"posts","","","","","",""
"posts","","","","","",""
"posts","","","","","",""
"posts","","","","","",""
"posts","","","","","",""
"posts","","","","","",""
"posts","","","","","",""
"posts","","","","","",""
"posts","","","","","",""
"posts","","","","","",""
"posts","","","","","",""
"posts","","","","","",""
"posts","","","","","",""
"posts","","","","","",""
"posts","","","","","",""
"posts","","","","","",""
"posts","","","","","",""
"posts","","","","","",""
"posts","","","","","",""
"posts","","","","","",""
"posts","","","","","",""
"posts","","","","","",""
"posts","","","","","",""
"posts","","","","","",""
"posts","","","","","",""
"posts","","","","","",""
"posts","","","","","",""
"posts","","","","","",""
"posts","","","","","",""
"posts","","","","","",""
"posts","","","","","",""
"posts","","","","","",""
"posts","","","","","",""
"posts","","","","","",""
"posts","","","","","",""
"posts","","","","","",""
"posts","","","","","",""
"posts","","","","","",""
"posts","","","","","",""
"posts","","","","","",""
"posts","","","","","",""
"posts","","","","","",""
"posts","","","","","",""
"posts","","","","","",""
"posts","","","","","",""
"posts","","","","","",""
"posts","","","","","",""
"posts","","","","","",""
"posts","","","","","",""
"posts","","","","","",""
"posts","","","","","",""
"posts","","","","","",""
"posts","","","","","",""
"posts","","","","","",""
"posts","","","","","",""
"posts","","","","","",""
"posts","","","","","",""
"posts","","","","","",""
"posts","","","","","",""
"posts","","","","","",""
"posts","","","","","",""
"posts","","","","","",""
"posts","","","","","",""
"posts","","","","","",""
"posts","","","","","",""
"posts","","","","","",""
"posts","","","","","",""
"posts","","","","","",""
"posts","","","","","",""
"posts","","","","","",""
"posts","","","","","",""
"posts","","","","","",""
"posts","","","","","",""
"posts","","","","","",""
"posts","","","","","",""
"posts","","","","","",""
"posts","","","","","",""
"posts","","","","","",""
"posts","","","","","",""
"posts","","","","","",""
"posts","","","","","",""
"posts","","","","","",""
"posts","","","","","",""
"posts","","","","","",""
"posts","","","","","",""
"posts","","","","","",""
"themes","","","","","",""
"themes","","","","","",""
"themes","","","","","",""
"themes","","","","","",""
"orgs","","","","","",""
"orgs","","","","","",""
"orgs","","","","","",""
"y_n","","","","","",""
"y_n","","","","","",""
"documents","","","","","",""
"documents","","","","","",""
"documents","","","","","",""
"documents","","","","","",""
"documents","","","","","",""
"documents","","","","","",""
"documents","","","","","",""
"documents","","","","","",""
"documents","","","","","",""
"documents","","","","","",""
"documents","","","","","",""
"genders","","","","","",""
"genders","","","","","",""
"ages","","","","","",""
"ages","","","","","",""
"ages","","","","","",""
"ages","","","","","",""
"civil","","","","","",""
"civil","","","","","",""
"civil","","","","","",""
"civil","","","","","",""
"civil","","","","","",""
"nationalities","","","","","",""
"nationalities","","","","","",""
"institutions","","","","","",""
"institutions","","","","","",""
"institutions","","","","","",""
"institutions","","","","","",""
"institutions","","","","","",""
"institutions","","","","","",""
"institutions","","","","","",""
"institutions","","","","","",""
"institutions","","","","","",""
"institutions","","","","","",""
"institutions","","","","","",""
"institutions","","","","","",""
"institutions","","","","","",""
"institutions","","","","","",""
"institutions","","","","","",""
"institutions","","","","","",""
"institutions","","","","","",""
"tofrom","","","","","",""
"tofrom","","","","","",""
"docs","","","","","",""
"docs","","","","","",""
"docs","","","","","",""
"docs","","","","","",""
"docs","","","","","",""
"docs","","","","","",""
"docs","","","","","",""
"docs","","","","","",""
"docs","","","","","",""
"docs","","","","","",""
"docs","","","","","",""
"docs","","","","","",""
"docs","","","","","",""
"docs","","","","","",""
"docs","","","","","",""
"docs","","","","","",""
"docs","","","","","",""
"docs","","","","","",""
"docs","","","","","",""
"partners","","","","","",""
"partners","","","","","",""
"partners","","","","","",""
"topics","","","","","",""
"topics","","","","","",""
"topics","","","","","",""
"topics","","","","","",""
"topics","","","","","",""
"topics","","","","","",""
"topics","","","","","",""
"topics","","","","","",""
"topics","","","","","",""
"topics","","","","","",""
"activities","","","","","",""
"activities","","","","","",""
"activities","","","","","",""
"activities","","","","","",""
"activities","","","","","",""
"activities","","","","","",""
"activities","","","","","",""
"activities","","","","","",""
"activities","","","","","",""
"activities","","","","","",""
"activities","","","","","",""
"topics1","","","","","",""
"topics1","","","","","",""
"topics1","","","","","",""
"topics1","","","","","",""
"topics1","","","","","",""
"topics1","","","","","",""
"topics1","","","","","",""
"topics1","","","","","",""
"topics1","","","","","",""
"topics1","","","","","",""
"topics1","","","","","",""
"topics1","","","","","",""
"education","","","","","",""
"education","","","","","",""
"education","","","","","",""
"education","","","","","",""
"points","","","","","",""
"points","","","","","",""
"points","","","","","",""
"points","","","","","",""
"points","","","","","",""
"points","","","","","",""
"points","","","","","",""
"points","","","","","",""
"points","","","","","",""
"points","","","","","",""
"points","","","","","",""
"points","","","","","",""
"points","","","","","",""
"points","","","","","",""
"points","","","","","",""
"points","","","","","",""
"points","","","","","",""
"points","","","","","",""
"points","","","","","",""
"points","","","","","",""
"points","","","","","",""
"points","","","","","",""
"points","","","","","",""
"points","","","","","",""
"points","","","","","",""
"points","","","","","",""
"points","","","","","",""
"control","","","","","",""
"control","","","","","",""
"control","","","","","",""
"control","","","","","",""
"control","","","","","",""
"descriptions","","","","","",""
"descriptions","","","","","",""
"descriptions","","","","","",""
"descriptions","","","","","",""
"descriptions","","","","","",""
"descriptions","","","","","",""
"descriptions","","","","","",""
"descriptions","","","","","",""
"descriptions","","","","","",""
"uses","","","","","",""
"uses","","","","","",""
"uses","","","","","",""
"uses","","","","","",""
"uses","","","","","",""
"uses","","","","","",""
"uses","","","","","",""
"uses","","","","","",""
"uses","","","","","",""
"uses","","","","","",""
"uses","","","","","",""
"uses","","","","","",""
"uses","","","","","",""
"uses","","","","","",""
"uses","","","","","",""
"uses","","","","","",""
"crops","","","","","",""
"crops","","","","","",""
"crops","","","","","",""
"crops","","","","","",""
"crops","","","","","",""
"crops","","","","","",""
"crops","","","","","",""
"crops","","","","","",""
"crops","","","","","",""
"crops","","","","","",""
"crops","","","","","",""
"crops","","","","","",""
"crops","","","","","",""
"crops","","","","","",""
"crops","","","","","",""
"crops","","","","","",""
"crops","","","","","",""
"crops","","","","","",""
"crops","","","","","",""
"crops","","","","","",""
"crops","","","","","",""
"houses","","","","","",""
"houses","","","","","",""
"housing","","","","","",""
"housing","","","","","",""
"institutions_meet","","","","","",""
"institutions_meet","","","","","",""
"institutions_meet","","","","","",""
"institutions_meet","","","","","",""
"institutions_meet","","","","","",""
"institutions_meet","","","","","",""
"institutions_meet","","","","","",""
"institutions_meet","","","","","",""
"institutions_meet","","","","","",""
"institutions_meet","","","","","",""
"meetings","","","","","",""
"meetings","","","","","",""
"meetings","","","","","",""
"meetings","","","","","",""
"meetings","","","","","",""
"meetings","","","","","",""
"meetings","","","","","",""
"participation","","","","","",""
"participation","","","","","",""
"participation","","","","","",""
"participation","","","","","",""
"participation","","","","","",""
"eras","","","","","",""
"eras","","","","","",""
"eras","","","","","",""
"eras","","","","","",""
"eras","","","","","",""
"eras","","","","","",""
"eras","","","","","",""
"eras","","","","","",""
"maps","","","","","",""
"maps","","","","","",""
"maps","","","","","",""
"maps","","","","","",""
"roles","","","","","",""
"roles","","","","","",""
"languages","","","","","",""
"languages","","","","","",""
"languages","","","","","",""
"languages","","","","","",""
