"list_name","external_id"
"provinces",""
"provinces",""
"provinces",""
"provinces",""
"provinces",""
"provinces",""
"provinces",""
"provinces",""
"provinces",""
"provinces",""
"",""
"districts",""
"districts",""
"districts",""
"districts",""
"districts",""
"districts",""
"districts",""
"districts",""
"districts",""
"districts",""
"districts",""
"districts",""
"districts",""
"districts",""
"districts",""
"districts",""
"districts",""
"districts",""
"districts",""
"districts",""
"districts",""
"districts",""
"districts",""
"districts",""
"districts",""
"districts",""
"districts",""
"districts",""
"districts",""
"districts",""
"districts",""
"districts",""
"districts",""
"districts",""
"districts",""
"districts",""
"districts",""
"districts",""
"districts",""
"districts",""
"districts",""
"districts",""
"districts",""
"districts",""
"districts",""
"districts",""
"districts",""
"districts",""
"districts",""
"districts",""
"districts",""
"districts",""
"districts",""
"districts",""
"districts",""
"districts",""
"districts",""
"districts",""
"districts",""
"districts",""
"districts",""
"districts",""
"districts",""
"districts",""
"districts",""
"districts",""
"districts",""
"districts",""
"districts",""
"districts",""
"districts",""
"districts",""
"districts",""
"districts",""
"districts",""
"districts",""
"districts",""
"districts",""
"districts",""
"districts",""
"districts",""
"districts",""
"districts",""
"districts",""
"districts",""
"districts",""
"districts",""
"districts",""
"districts",""
"districts",""
"districts",""
"districts",""
"districts",""
"districts",""
"districts",""
"districts",""
"districts",""
"districts",""
"districts",""
"districts",""
"districts",""
"districts",""
"districts",""
"districts",""
"districts",""
"districts",""
"districts",""
"districts",""
"districts",""
"districts",""
"districts",""
"districts",""
"districts",""
"districts",""
"districts",""
"districts",""
"districts",""
"districts",""
"districts",""
"districts",""
"districts",""
"districts",""
"districts",""
"districts",""
"districts",""
"districts",""
"districts",""
"districts",""
"districts",""
"districts",""
"districts",""
"districts",""
"districts",""
"districts",""
"districts",""
"districts",""
"districts",""
"districts",""
"districts",""
"districts",""
"districts",""
"districts",""
"districts",""
"districts",""
"districts",""
"districts",""
"districts",""
"districts",""
"districts",""
"districts",""
"",""
"posts",""
"posts",""
"posts",""
"posts",""
"posts",""
"posts",""
"posts",""
"posts",""
"posts",""
"posts",""
"posts",""
"posts",""
"posts",""
"posts",""
"posts",""
"posts",""
"posts",""
"posts",""
"posts",""
"posts",""
"posts",""
"posts",""
"posts",""
"posts",""
"posts",""
"posts",""
"posts",""
"posts",""
"posts",""
"posts",""
"posts",""
"posts",""
"posts",""
"posts",""
"posts",""
"posts",""
"posts",""
"posts",""
"posts",""
"posts",""
"posts",""
"posts",""
"posts",""
"posts",""
"posts",""
"posts",""
"posts",""
"posts",""
"posts",""
"posts",""
"posts",""
"posts",""
"posts",""
"posts",""
"posts",""
"posts",""
"posts",""
"posts",""
"posts",""
"posts",""
"posts",""
"posts",""
"posts",""
"posts",""
"posts",""
"posts",""
"posts",""
"posts",""
"posts",""
"posts",""
"posts",""
"posts",""
"posts",""
"posts",""
"posts",""
"posts",""
"posts",""
"posts",""
"posts",""
"posts",""
"posts",""
"posts",""
"posts",""
"posts",""
"posts",""
"posts",""
"posts",""
"posts",""
"posts",""
"posts",""
"posts",""
"posts",""
"posts",""
"posts",""
"posts",""
"posts",""
"posts",""
"posts",""
"posts",""
"posts",""
"posts",""
"posts",""
"posts",""
"posts",""
"posts",""
"posts",""
"posts",""
"posts",""
"posts",""
"posts",""
"posts",""
"posts",""
"posts",""
"posts",""
"posts",""
"posts",""
"posts",""
"posts",""
"posts",""
"posts",""
"posts",""
"posts",""
"posts",""
"posts",""
"posts",""
"posts",""
"posts",""
"posts",""
"posts",""
"posts",""
"posts",""
"posts",""
"posts",""
"posts",""
"posts",""
"posts",""
"posts",""
"posts",""
"posts",""
"posts",""
"posts",""
"posts",""
"posts",""
"posts",""
"posts",""
"posts",""
"posts",""
"posts",""
"posts",""
"posts",""
"posts",""
"posts",""
"posts",""
"posts",""
"posts",""
"posts",""
"posts",""
"posts",""
"posts",""
"posts",""
"posts",""
"posts",""
"posts",""
"posts",""
"posts",""
"posts",""
"posts",""
"posts",""
"posts",""
"posts",""
"posts",""
"posts",""
"posts",""
"posts",""
"posts",""
"posts",""
"posts",""
"posts",""
"posts",""
"posts",""
"posts",""
"posts",""
"posts",""
"posts",""
"posts",""
"posts",""
"posts",""
"posts",""
"posts",""
"posts",""
"posts",""
"posts",""
"posts",""
"posts",""
"posts",""
"posts",""
"posts",""
"posts",""
"posts",""
"posts",""
"posts",""
"posts",""
"posts",""
"posts",""
"posts",""
"posts",""
"posts",""
"posts",""
"posts",""
"posts",""
"posts",""
"posts",""
"posts",""
"posts",""
"posts",""
"posts",""
"posts",""
"posts",""
"posts",""
"posts",""
"posts",""
"posts",""
"posts",""
"posts",""
"posts",""
"posts",""
"posts",""
"posts",""
"posts",""
"posts",""
"posts",""
"posts",""
"posts",""
"posts",""
"posts",""
"posts",""
"posts",""
"posts",""
"posts",""
"posts",""
"posts",""
"posts",""
"posts",""
"posts",""
"posts",""
"posts",""
"posts",""
"posts",""
"posts",""
"posts",""
"posts",""
"posts",""
"posts",""
"posts",""
"posts",""
"posts",""
"posts",""
"posts",""
"posts",""
"posts",""
"posts",""
"posts",""
"posts",""
"posts",""
"posts",""
"posts",""
"posts",""
"posts",""
"posts",""
"posts",""
"posts",""
"posts",""
"posts",""
"posts",""
"posts",""
"posts",""
"posts",""
"posts",""
"posts",""
"posts",""
"posts",""
"posts",""
"posts",""
"posts",""
"posts",""
"posts",""
"posts",""
"posts",""
"posts",""
"posts",""
"posts",""
"posts",""
"posts",""
"posts",""
"posts",""
"posts",""
"posts",""
"posts",""
"posts",""
"posts",""
"posts",""
"posts",""
"posts",""
"posts",""
"posts",""
"posts",""
"posts",""
"posts",""
"posts",""
"posts",""
"posts",""
"posts",""
"posts",""
"posts",""
"posts",""
"posts",""
"posts",""
"posts",""
"posts",""
"posts",""
"posts",""
"posts",""
"posts",""
"posts",""
"posts",""
"posts",""
"posts",""
"posts",""
"posts",""
"posts",""
"posts",""
"posts",""
"posts",""
"posts",""
"posts",""
"posts",""
"posts",""
"posts",""
"posts",""
"posts",""
"posts",""
"posts",""
"posts",""
"posts",""
"posts",""
"posts",""
"posts",""
"posts",""
"posts",""
"posts",""
"posts",""
"posts",""
"posts",""
"posts",""
"posts",""
"posts",""
"posts",""
"posts",""
"posts",""
"posts",""
"posts",""
"posts",""
"posts",""
"posts",""
"posts",""
"posts",""
"posts",""
"posts",""
"posts",""
"posts",""
"posts",""
"posts",""
"posts",""
"posts",""
"posts",""
"posts",""
"posts",""
"posts",""
"posts",""
"posts",""
"posts",""
"posts",""
"posts",""
"posts",""
"posts",""
"posts",""
"posts",""
"posts",""
"posts",""
"posts",""
"posts",""
"posts",""
"posts",""
"posts",""
"posts",""
"posts",""
"posts",""
"posts",""
"posts",""
"posts",""
"posts",""
"posts",""
"posts",""
"posts",""
"posts",""
"posts",""
"posts",""
"posts",""
"posts",""
"posts",""
"posts",""
"posts",""
"posts",""
"posts",""
"posts",""
"posts",""
"posts",""
"posts",""
"posts",""
"",""
"themes","fixed"
"themes","fixed"
"themes","fixed"
"themes","fixed"
"",""
"orgs","fixed"
"orgs","fixed"
"orgs","fixed"
"",""
"y_n","fixed"
"y_n","fixed"
"",""
"documents","fixed"
"documents","fixed"
"documents","fixed"
"documents","fixed"
"documents","fixed"
"documents","fixed"
"documents","fixed"
"documents","fixed"
"documents","fixed"
"documents","fixed"
"documents","fixed"
"",""
"genders","fixed"
"genders","fixed"
"",""
"ages","fixed"
"ages","fixed"
"ages","fixed"
"ages","fixed"
"",""
"civil","fixed"
"civil","fixed"
"civil","fixed"
"civil","fixed"
"civil","fixed"
"",""
"nationalities","fixed"
"nationalities","fixed"
"",""
"",""
"institutions","fixed"
"institutions","fixed"
"institutions","fixed"
"institutions","fixed"
"institutions","fixed"
"institutions","fixed"
"institutions","fixed"
"institutions","fixed"
"institutions","fixed"
"institutions","fixed"
"institutions","fixed"
"institutions","fixed"
"institutions","fixed"
"institutions","fixed"
"institutions","fixed"
"institutions","fixed"
"institutions","fixed"
"",""
"tofrom","fixed"
"tofrom","fixed"
"",""
"docs","fixed"
"docs","fixed"
"docs","fixed"
"docs","fixed"
"docs","fixed"
"docs","fixed"
"docs","fixed"
"docs","fixed"
"docs","fixed"
"docs","fixed"
"docs","fixed"
"docs","fixed"
"docs","fixed"
"docs","fixed"
"docs","fixed"
"docs","fixed"
"docs","fixed"
"docs","fixed"
"docs","fixed"
"",""
"",""
"partners","fixed"
"partners","fixed"
"partners","fixed"
"",""
"",""
"topics","fixed"
"topics","fixed"
"topics","fixed"
"topics","fixed"
"topics","fixed"
"topics","fixed"
"topics","fixed"
"topics","fixed"
"topics","fixed"
"topics","fixed"
"",""
"activities","fixed"
"activities","fixed"
"activities","fixed"
"activities","fixed"
"activities","fixed"
"activities","fixed"
"activities","fixed"
"activities","fixed"
"activities","fixed"
"activities","fixed"
"activities","fixed"
"",""
"topics1","fixed"
"topics1","fixed"
"topics1","fixed"
"topics1","fixed"
"topics1","fixed"
"topics1","fixed"
"topics1","fixed"
"topics1","fixed"
"topics1","fixed"
"topics1","fixed"
"topics1","fixed"
"topics1","fixed"
"",""
"education","fixed"
"education","fixed"
"education","fixed"
"education","fixed"
"",""
"points","fixed"
"points","fixed"
"points","fixed"
"points","fixed"
"points","fixed"
"points","fixed"
"points","fixed"
"points","fixed"
"points","fixed"
"points","fixed"
"points","fixed"
"points","fixed"
"points","fixed"
"points","fixed"
"points","fixed"
"points","fixed"
"points","fixed"
"points","fixed"
"points","fixed"
"points","fixed"
"points","fixed"
"points","fixed"
"points","fixed"
"points","fixed"
"points","fixed"
"points","fixed"
"points","fixed"
"",""
"control","fixed"
"control","fixed"
"control","fixed"
"control","fixed"
"control","fixed"
"",""
"descriptions","fixed"
"descriptions","fixed"
"descriptions","fixed"
"descriptions","fixed"
"descriptions","fixed"
"descriptions","fixed"
"descriptions","fixed"
"descriptions","fixed"
"descriptions","fixed"
"",""
"uses","fixed"
"uses","fixed"
"uses","fixed"
"uses","fixed"
"uses","fixed"
"uses","fixed"
"uses","fixed"
"uses","fixed"
"uses","fixed"
"uses","fixed"
"uses","fixed"
"uses","fixed"
"uses","fixed"
"uses","fixed"
"uses","fixed"
"uses","fixed"
"",""
"crops","fixed"
"crops","fixed"
"crops","fixed"
"crops","fixed"
"crops","fixed"
"crops","fixed"
"crops","fixed"
"crops","fixed"
"crops","fixed"
"crops","fixed"
"crops","fixed"
"crops","fixed"
"crops","fixed"
"crops","fixed"
"crops","fixed"
"crops","fixed"
"crops","fixed"
"crops","fixed"
"crops","fixed"
"crops","fixed"
"crops","fixed"
"",""
"houses","fixed"
"houses","fixed"
"",""
"housing","fixed"
"housing","fixed"
"",""
"institutions_meet","fixed"
"institutions_meet","fixed"
"institutions_meet","fixed"
"institutions_meet","fixed"
"institutions_meet","fixed"
"institutions_meet","fixed"
"institutions_meet","fixed"
"institutions_meet","fixed"
"institutions_meet","fixed"
"institutions_meet","fixed"
"",""
"meetings","fixed"
"meetings","fixed"
"meetings","fixed"
"meetings","fixed"
"meetings","fixed"
"meetings","fixed"
"meetings","fixed"
"",""
"participation","fixed"
"participation","fixed"
"participation","fixed"
"participation","fixed"
"participation","fixed"
"",""
"eras","fixed"
"eras","fixed"
"eras","fixed"
"eras","fixed"
"eras","fixed"
"eras","fixed"
"eras","fixed"
"eras","fixed"
"",""
"maps","fixed"
"maps","fixed"
"maps","fixed"
"maps","fixed"
"",""
"roles","fixed"
"roles","fixed"
